Property Reference Number,Full Property Address,Current Property Exemption Code,Current Prop Exemption Start Date,Analysis Code,Primary Liable party name,Current Rateable Value
177510143220,"3rd Floor, Willis House, Willis Road, Portsmouth, PO1 1AT",RV below minimum for EPR,11-Dec-20,CO,1st Call Property Management Limited,2100
177503396310,"4-8, Guildhall Walk, Portsmouth, PO1 2DD",Liquidation,08-Oct-21,CL,2020 Leisure Limited-In Liquidation,36750
177503396810,"10, Guildhall Walk, Portsmouth, PO1 2DD",Listed Building,05-Sep-15,CL2,A.R.T. Investments Ltd (1964) Ltd,87000
177504993310,"Ground Floor, 120, London Road, Portsmouth, PO2 0NB",Empty Property Rate Non-Industrial,07-Mar-21,CS,Adn Financial Solutions Ltd,23000
177510803330,"Unit 102, Cascades, Portsmouth, Hants, PO1 4RP",Company in Administration,12-Feb-21,CS,Agl Realisations Limited (In Administration),225000
177501615310,"144, Commercial Road, Portsmouth, PO1 1EX",Company in Administration,13-Feb-21,CS,Agl Realisations Limited (In Administration),230000
177501616010,"152, Commercial Road, Portsmouth, PO1 1EX",Company in Administration,14-Feb-21,CS,Agl Realisations Limited (In Administration),144000
177501625910,"Second Floor, 144, Commercial Road, Portsmouth, PO1 1EX",Company in Administration,13-Feb-21,LX,Agl Realisations Limited (In Administration),16500
177511291410,"N3 North Gallery, All Saints Church, Commercial Road, Portsmouth, PO1 4BT",RV below minimum for EPR,01-Jan-13,CO,All Saints Church Council,980
177512022410,"S2 South Gallery, All Saints Church, Commercial Road, Portsmouth, PO1 4BT",RV below minimum for EPR,01-Oct-15,CO,All Saints Church Council,650
177512022510,"S3 - S4 South Gallery, All Saints Church, Commercial Road, Portsmouth, PO1 4BT",RV below minimum for EPR,01-Feb-14,CO,All Saints Church Council,780
177501627710,"S1 South Gallery, All Saints Church, Commercial Road, Portsmouth, PO1 4BT",RV below minimum for EPR,11-Feb-17,CO,All Saints Pastoral Centre,480
177590027210,"N1-N2, North Gallery, Commercial Road, Portsmouth, PO1 4BT",RV below minimum for EPR,01-Apr-18,CO,All Saints Pastoral Centre,1525
177510752610,"Units 96 - 97, The Canalside, Gunwharf Quays, Portsmouth, PO1 3FA",Company in Administration,18-May-20,CS,Antler Ltd-In Administration,72500
177500315310,"50-52, Arundel Street, Portsmouth, PO1 1NL",Empty Property Rate Non-Industrial,01-Oct-19,CS,Asiamart Limited,23250
177501618310,"213-215, Commercial Road, Portsmouth, PO1 4BJ",Empty Property Rate Non-Industrial,21-Jul-21,CS,Avail Facilities Ltd,31500
177510585420,"Basement Storage, The Old Treasury, 7, Kings Road, Southsea, Hants, PO5 4DJ",Empty Property Rate Non-Industrial,01-Oct-16,CW3,B Webber Holdings Ltd,0
177506320110,"44-66, Palmerston Road, Southsea, Hants, PO5 3QG",Empty Property Rate Non-Industrial,25-Apr-20,CS,Bankuwait Nominees Limited,300000
177506227010,"90, Osborne Road, Southsea, Hants, PO5 3LW",Empty Property Rate Non-Industrial,07-Aug-21,CS1,Barclays Bank Uk Plc,30000
177511939710,"Advertising Banner, Lamppost 4, Lake Road, Portsmouth, PO1",RV below minimum for EPR,01-Apr-13,CA,Bay Media Ltd,140
177511873110,"Car Park, Fitzherbert Street, Portsmouth, PO1 1EQ",Land,30-Nov-13,CP1,Berinsfield Limited,18250
177503762710,"Eastney Swimming Pool, Swimming Baths, Henderson Road, Southsea, Hants, PO4 9NB",Empty Property Rate Charitable,01-Apr-20,LS6,Bh Live,21750
177509874710,"R11g, North Promenade Building, Gunwharf Quays, Portsmouth, PO1 3TR",Empty Property Rate Non-Industrial,06-Apr-20,CR,Bills Restaurants Ltd,110000
177512329110,"City Wide Taxis, Rear Of 32, The Hard, Portsmouth, PO1 3DT",Empty Property Rate Non-Industrial,03-Sep-19,CO,Bluedrop Limited,5400
1775900732,"Unit 7h, The Pompey Centre, Dickinson Road, Southsea, Hants, PO4 8ER",Empty Property Rate Non-Industrial,20-Dec-20,CW,Box+Iii Portsmouth Ltd,33500
177511421110,"Unit 12, The Pompey Centre, Fratton Way, Southsea, PO4 8FD",Empty Property Rate Non-Industrial,01-Mar-20,CS,Box+Iii Portsmouth Ltd,24750
1775113780100,"64, Goldsmith Avenue, Southsea, Hants, PO4 8FH",Empty Property Rate Non-Industrial,25-Nov-21,CO,Box+Iii Portsmouth Ltd,5200
177506045420,"52, Northern Road, Portsmouth, Hants, PO6 3DP",Empty Property Rate Non-Industrial,09-Nov-21,CO,Braidgrain Ltd,5500
177590123210,"18 - 24, Osborne Road, Southsea, PO5 3LT",RV below minimum for EPR,06-Apr-18,LX,Brassfile Ltd,1000
177504985510,"468, London Road, Portsmouth, PO2 9RN",Empty Property Rate Non-Industrial,30-Jan-21,CG3,Cambridge Garage(Portsmouth) Ltd,114000
177508954210,"Unit 22, Cascades, Portsmouth, PO1 4RJ",Empty Property Rate Non-Industrial,24-Apr-21,CS,Cascades Shopping Centre General Partner Ltd,66000
177508954410,"Unit 24, Cascades, Portsmouth, PO1 4RJ",Empty Property Rate Non-Industrial,25-Mar-21,CS,Cascades Shopping Centre General Partner Ltd,71500
177508956710,"Unit 48a, Cascades, Portsmouth, PO1 4RR",Empty Property Rate Non-Industrial,25-Oct-21,CS,Cascades Shopping Centre General Partner Ltd,24000
177508956810,"Unit 49, Cascades, Portsmouth, PO1 4RR",Empty Property Rate Non-Industrial,01-Jan-22,CS,Cascades Shopping Centre General Partner Ltd,28000
177508957310,"Unit 53, Cascades, Portsmouth, PO1 4RJ",Empty Property Rate Non-Industrial,13-Apr-21,CS,Cascades Shopping Centre General Partner Ltd,28250
177508957410,"Unit 54, Cascades, Portsmouth, PO1 4RJ",Vacant (1st 3 months),18-Jan-22,CS,Cascades Shopping Centre General Partner Ltd,46500
177508957610,"Unit 55a, Cascades, Portsmouth, PO1 4RJ",Empty Property Rate Non-Industrial,03-Jun-20,CS,Cascades Shopping Centre General Partner Ltd,27250
177508958310,"First Floor, Unit 48a, Cascades, Portsmouth, PO1 4RR",Empty Property Rate Non-Industrial,29-Sep-18,CW3,Cascades Shopping Centre General Partner Ltd,6000
177511699310,"Unit 31a, Cascades, Portsmouth, Hants, PO1 4RJ",Vacant (1st 3 months),04-Jan-22,CS,Cascades Shopping Centre General Partner Ltd,56000
177511711510,"Unit 108a, Cascades, Portsmouth, Hants, PO1 4RP",Empty Property Rate Non-Industrial,06-Jan-22,CS,Cascades Shopping Centre General Partner Ltd,29500
177512326110,"Unit 56b, Cascades, Portsmouth, Hants, PO1 4RP",Empty Property Rate Non-Industrial,01-Jan-22,CS,Cascades Shopping Centre General Partner Ltd,32000
177501631810,"Harbour Court, Compass Road, Portsmouth, PO6 4ST",Empty Property Rate Non-Industrial,25-Mar-21,CO,Cegedim House Inc,285000
177510809530,"Unit 1 & 2, Cosmopolitan House, Airport Service Road, Portsmouth, PO3 5XR",Empty Property Rate Non-Industrial,29-Feb-20,CO,Charles Dartmouth Limited,4250
177501153410,"31-37, Charlotte Street, Portsmouth, PO1 4AH",Empty Property Rate Non-Industrial,13-Apr-21,CS,Charlotte Street (Portsmouth) Ltd,18000
177510844710,"Unit 119, Cascades, Portsmouth, PO1 4RP",Empty Property Rate Non-Industrial,01-Jul-20,CS,Chimere (Uk) Limited,25250
177590011910,"Spitbank Fort, Spithead, Southsea, Hants, PO4 0SP",Ancient Monument,18-May-21,CH,Clarenco  Llp,120000
177511477210,"Suite G49 East Wing, 1000 Lakeside, Western Road, Portsmouth, PO6 3EN",RV below minimum for EPR,01-Jul-21,CO,Clearway Traffic Solutions Ltd,2150
177504938110,"64, London Road, Portsmouth, PO2 0LN",Vacant (1st 3 months),16-Nov-21,CS,Co-Operative Funerals Ltd,10500
177509702610,"Unit 2, Student Union, Cambridge Road, Portsmouth, PO1 2ST",Empty Property Rate Non-Industrial,30-Nov-21,CS,Co-Operative Group Ltd,41500
177510784410,"Ground Floor, 3, Guildhall Walk, Portsmouth, PO1 2RY",Empty Property Rate Non-Industrial,14-Nov-20,CS2,Coral Racing Ltd,34500
177590123710,"G/F Unit 4, Exchange House, 122-124, London Road, Portsmouth, PO2 9DD",Vacant (1st 3 months),12-Dec-21,CS,Coral Racing Ltd,29500
177501619110,"226, Commercial Road, Portsmouth, PO1 1HG",Empty Property Rate Non-Industrial,01-Apr-21,CS,Custodian Reit Plc,115000
177512680011,"Unit E, Oyo Business Units, Fishers Grove, Portsmouth, PO6 1RN",Empty Property Rate Industrial,01-Jan-22,IF3,Dci Property Llp,33500
177507716010,"Shop Adjacent, 1, Stubbington Avenue, Portsmouth, PO2 0HP",RV below minimum for EPR,01-Apr-10,CS,Denzil Properties (H & S) Ltd,1
177503655310,"Store Adj St Philips Church Hall, Hawthorn Crescent, Portsmouth, PO6 2TL",RV below minimum for EPR,01-Apr-20,CW3,Diocese Of Portsmouth- St Philips Church,590
177512248270,"Second Floor West, Building 4000, Lakeside Business Park, Western Road, Portsmouth, PO6 3FT",Company in Administration,08-Jan-20,CO,Douglas Stafford Limited- In Administration,43250
177501624610,"The Royal, 334a, Commercial Road, Portsmouth, PO1 4BT",Empty Property Rate Non-Industrial,22-Aug-19,CL,Dupree Arms Limited,9100
177510137411,"50a, Osborne Road, Southsea, Hants, PO5 3LT",RV below minimum for EPR,06-Dec-18,CO,Dylan Properties Limited,2325
177510645510,"Landport Family Hub, 221, Arundel Street, Portsmouth, PO1 1NF",Empty Property Rate Non-Industrial,01-Jul-21,EX,Early Help And Prevention Service (Pcc),28750
177511840710,"Ground Floor, 74, Arundel Street, Portsmouth, Hants, PO1 1RX",Empty Property Rate Charitable,02-Jul-16,CO,Elim Foursquare Gospel Alliance,6800
177508588410,"The Invincible, 6, Wickham Street, Portsmouth, PO1 3EF",Empty Property Rate Non-Industrial,03-Jan-19,CL,Enterprise Inns Limited,16750
177590000210,"Roof Top (Po0033) , Phoenix Building, Claybank Road, Portsmouth, PO3",Land,29-Jul-11,MT1,Erb Motors Ltd,12500
177510701220,"39, Arundel Street, Portsmouth, PO1 1NB",Empty Property Rate Non-Industrial,10-Jun-21,CS,Eurowell Properties Ltd,26250
177509721810,"Roof Top (Ham0265), Pheonix Buildings, Claybank Road, Portsmouth, PO3 5NH",Land,15-Feb-13,MT1,Everything Everywhere Ltd,13500
177503836110,"Aerial, 41, High Street, Portsmouth, ",Land,22-Dec-20,MT1,Everything Everywhere Ltd,2650
177505624510,"Orange Personal Comm, Mast, Milton Road, Portsmouth, PO3 6AD",Land,16-Mar-13,MT1,Everything Everywhere Ltd,4350
177590135910,"Ham 7015, Baptist Church, 195, Powerscourt Road, Buckland, Portsmouth, PO2 7JH",Land,21-Dec-20,MT1,Everything Everywhere Ltd,2500
177504763310,"Unit 14, Gunners Building, Limberline Road, Portsmouth, PO3 5BJ",Empty Property Rate Industrial,07-Dec-21,CW,Excell Metal Spinning Ltd,8500
177509793710,"Refreshment Rooms, Portsmouth & Southsea Station, Commercial Road, Portsmouth, PO1 1EH",Listed Building,06-Nov-20,CR1,First Mtr South Western Trains Limited,26500
177509794610,"Information & Advice Centre, Portsmouth & Southsea Station, Commercial Road, Portsmouth, PO1 1EQ",Listed Building,20-Aug-17,CO,First Mtr South Western Trains Limited,13000
177503482910,"Kiosk, Adj Railway Station, The Hard, Portsmouth, Hants, PO1 3DT",RV below minimum for EPR,20-Aug-17,CS4,First Mtr South Western Trains Limited,2800
177504993820,"Holiday Let At, 1st & 2nd Floor, 121 - 123, London Road, Portsmouth, Hants, PO2 9AA",Empty Property Rate Non-Industrial,29-Feb-16,CH1,Flatiron Capital Ltd,3200
177512177310,"Ground Floor, Shore House, Compass Road, Portsmouth, PO6 4PR",Vacant (1st 3 months),13-Dec-21,CO,Forelle Estates Ltd,129000
177509468510,"Blueprint 2500, Portfield Road, Portsmouth, PO3 5SE",Empty Property Rate Industrial,28-Nov-21,IF3,Forelle Estates Ltd,149000
177503812110,"7, High Street, Cosham, Portsmouth, PO6 3EJ",Empty Property Rate Non-Industrial,08-Oct-19,CS,Gate Portfolio Limited,20750
177508296710,"A7, Railway Triangle, Walton Road, Portsmouth, PO6 1TN",Vacant (1st 3 months),01-Nov-21,IF3,Glasgow City Council,39000
177508297510,"F8, Railway Triangle, Walton Road, Portsmouth, PO6 1TG",Empty Property Rate Industrial,15-Dec-21,CW,Glasgow City Council,16500
177508999710,"Royal Marines Museum, Eastney Barracks, Gunners Row, Southsea, Hants, PO4 9PP",Listed Building,25-Nov-20,EM1,Grand Hotel Excelsior International Limited,167000
177501625810,"Third Floor, 137-145, Commercial Road, Portsmouth, PO1 1DD",Empty Property Rate Non-Industrial,07-Aug-13,CL2,Gravitas Holdings Pcc Ltd,31750
177503396510,"First Floor 5-9, Hippodrome House, Guildhall Walk, Portsmouth, PO1 2RY",Empty Property Rate Non-Industrial,27-Mar-20,CO,Guildhall Walk Limited,52500
177511407510,"2nd Floor, Hippodrome House, 5-9, Guildhall Walk, Portsmouth, PO1 2RL",Empty Property Rate Non-Industrial,27-Mar-20,CO,Guildhall Walk Limited,72500
177511407610,"3rd Floor, Hippodrome House, 5-9, Guildhall Walk, Portsmouth, PO1 2RX",Empty Property Rate Non-Industrial,27-Mar-20,CO,Guildhall Walk Limited,67500
177509876610,"Conveniences, North Building, Gunwharf Quays, Portsmouth, ",RV below minimum for EPR,01-Apr-10,MX,Gunwharf Quays Ltd,0
177509877910,"Rawlings Suite, North Building, Gunwharf Quays, Portsmouth, PO1 3TT",Empty Property Rate Non-Industrial,02-Oct-19,CO,Gunwharf Quays Ltd,38750
177509906710,"Suite 6, Somerville Suite, Gunwharf Quays, Portsmouth, PO1 3TP",Empty Property Rate Non-Industrial,11-Nov-20,CO,Gunwharf Quays Ltd,16000
177510082810,"S86, Market Square, Gunwharf Quays, PO1 3FB",Vacant (1st 3 months),13-Dec-21,CS,Gunwharf Quays Ltd,96000
177503828510,"First Floor, 58, High Street, Cosham, Portsmouth, PO6 3AG",Empty Property Rate Non-Industrial,01-Apr-11,CO,H J Everett (Chemist) Ltd,9800
177590110510,"The Consulting Rooms, Wootton Street, Portsmouth, PO6 3AP",Empty Property Rate Non-Industrial,01-Jul-16,CO,H J Everett Chemists Ltd,6100
177511920710,"Contractors Offices & Compound, Tipner Wharf, Twyford Avenue, Portsmouth, PO2 8PE",Empty Property Rate Non-Industrial,15-Mar-18,CO,Homes Communities Agency,10750
177512250010,"Unit 6-7, Voyager Park South, Portfield Road, Portsmouth, PO3 5GF",Empty Property Rate Non-Industrial,10-Aug-21,IF,Huhtamaki Foodservice Portsmouth Limited,137000
177511874310,"Unit 9, The Nelson Centre, Portfield Road, Portsmouth, PO3 5SF",Company in Administration,28-Oct-19,CW,Install Base Limited-In Administration,30500
177511422510,"Suite G30-G32 Grd Flr East Wing, 1000 Lakeside, Western Road, Portsmouth, PO6 3EZ",Empty Property Rate Non-Industrial,01-Apr-13,CO,Iw Group Services (Uk) Limited,10000
177511453710,"Suite G02 East Wing, 1000 Lakeside, Western Road, Portsmouth, PO6 3EN",Empty Property Rate Non-Industrial,01-Feb-21,CO,Iw Group Services (Uk) Limited,6500
177511453910,"Suite G04 East Wing, 1000 Lakeside, Western Road, Portsmouth, PO6 3EN",RV below minimum for EPR,06-Dec-21,CO,Iw Group Services (Uk) Limited,2300
177511454510,"Suite G10 East Wing, 1000 Lakeside, Western Road, Portsmouth, PO6 3EN",Empty Property Rate Non-Industrial,01-Sep-17,CO,Iw Group Services (Uk) Limited,3750
177511455410,"Suite G19 East Wing, 1000 Lakeside, Western Road, Portsmouth, PO6 3EN",RV below minimum for EPR,01-Apr-21,CO,Iw Group Services (Uk) Limited,2300
177511456010,"Suite G25 East Wing, 1000 Lakeside, Western Road, Portsmouth, PO6 3EN",RV below minimum for EPR,01-Nov-21,CO,Iw Group Services (Uk) Limited,1775
177511456310,"Suite G28 East Wing, 1000 Lakeside, Western Road, Portsmouth, PO6 3EN",Empty Property Rate Non-Industrial,01-Oct-20,CO,Iw Group Services (Uk) Limited,4600
177511456610,"Suite G34 East Wing, 1000 Lakeside, Western Road, Portsmouth, PO6 3EN",RV below minimum for EPR,01-Jan-20,CO,Iw Group Services (Uk) Limited,1850
177511456910,"Suite G37 East Wing, 1000 Lakeside, Western Road, Portsmouth, PO6 3EN",RV below minimum for EPR,01-Jul-21,CO,Iw Group Services (Uk) Limited,2850
177511457010,"Suite G38 East Wing, 1000 Lakeside, Western Road, Portsmouth, PO6 3EN",Empty Property Rate Non-Industrial,01-Oct-21,CO,Iw Group Services (Uk) Limited,7400
177511457110,"Suite G36 East Wing, 1000 Lakeside, Western Road, Portsmouth, PO6 3EN",Empty Property Rate Non-Industrial,01-Oct-21,CO,Iw Group Services (Uk) Limited,34000
177511476310,"Suite G40 East Wing, 1000 Lakeside, Western Road, Portsmouth, PO6 3EN",Empty Property Rate Non-Industrial,01-Oct-21,CO,Iw Group Services (Uk) Limited,3800
177511476410,"Suite G41 East Wing, 1000 Lakeside, Western Road, Portsmouth, PO6 3EN",Empty Property Rate Non-Industrial,01-Jan-21,CO,Iw Group Services (Uk) Limited,5800
177511476510,"Suite G42 East Wing, 1000 Lakeside, Western Road, Portsmouth, PO6 3EN",RV below minimum for EPR,01-Oct-20,CO,Iw Group Services (Uk) Limited,2750
177511476610,"Suite G43 East Wing, 1000 Lakeside, Western Road, Portsmouth, PO6 3EN",RV below minimum for EPR,01-Dec-21,CO,Iw Group Services (Uk) Limited,2750
177511476810,"Suite G45 East Wing, 1000 Lakeside, Western Road, Portsmouth, PO6 3EN",RV below minimum for EPR,01-Apr-21,CO,Iw Group Services (Uk) Limited,2750
177511477010,"Suite G47 East Wing, 1000 Lakeside, Western Road, Portsmouth, PO6 3EN",Empty Property Rate Non-Industrial,01-Dec-21,CO,Iw Group Services (Uk) Limited,3600
177511477410,"Suite G51 East Wing, 1000 Lakeside, Western Road, Portsmouth, PO6 3EN",Vacant (1st 3 months),01-Dec-21,CO,Iw Group Services (Uk) Limited,2950
177511477810,"Suite G55 East Wing, 1000 Lakeside, Western Road, Portsmouth, PO6 3EN",RV below minimum for EPR,01-Aug-20,CO,Iw Group Services (Uk) Limited,1875
177511477910,"Suite G56 East Wing, 1000 Lakeside, Western Road, Portsmouth, PO6 3EN",Empty Property Rate Non-Industrial,01-Jul-18,CO,Iw Group Services (Uk) Limited,3550
177511478410,"Suite G61 East Wing, 1000 Lakeside, Western Road, Portsmouth, PO6 3EN",RV below minimum for EPR,01-Sep-17,CO,Iw Group Services (Uk) Limited,1875
177511478910,"Suite G66 East Wing, 1000 Lakeside, Western Road, Portsmouth, PO6 3EN",RV below minimum for EPR,01-Jul-21,CO,Iw Group Services (Uk) Limited,2175
177501623610,"4, Sovereign Gate, 308, Commercial Road, Portsmouth, PO1 4BL",Empty Property Rate Non-Industrial,07-Dec-21,CO,Jwa Property Investments Ltd,9300
177506221110,"47, Osborne Road, Southsea, Hants, PO5 3LS",Empty Property Rate Non-Industrial,17-Nov-21,CS,Kensington Properties (Southern) Ltd,14000
177511841610,"Suite 201 West Wing, 1000 Lakeside, Western Road, Portsmouth, PO6 3EN",Empty Property Rate Non-Industrial,02-Jan-21,CO,Kinto Uk Limited,62500
177501626610,"First Floor, 250-252, Commercial Road, Portsmouth, PO1 1HH",Empty Property Rate Non-Industrial,29-Apr-20,CO,Kratos Partners Ltd,13000
177505622610,"142, Milton Road, Southsea, Hants, PO4 8PN",Empty Property Rate Non-Industrial,08-Feb-18,CL,Krs Retail Ltd,0
177509871810,"S09-11, Central Square South Building, Gunwharf Quays, Portsmouth, PO1 3TW",Empty Property Rate Non-Industrial,01-Jan-22,CS,Land Securities Properties Ltd,305000
177510210710,"Unit 105-106, The Canalside, Gunwharf Quays, Portsmouth, PO1 3FA",Empty Property Rate Non-Industrial,02-Apr-21,CS,Land Securities Properties Ltd,90500
1775900975,"Roof Top (Po0036) At, 1-13, Lord Montgomery Way, Portsmouth, PO1 2EG",Land,03-Feb-11,MT1,Language Specialists (International) Ltd,12500
177509723710,"Haven House, Compass Road, Portsmouth, PO6 4PR",Empty Property Rate Non-Industrial,03-Dec-21,CO,Laser Vision Limited,141000
177590140710,"Allslades Plc, Limberline Road, Portsmouth, PO3 5JF",Empty Property Rate Industrial,02-Nov-21,IF,L'Escargotiere (Farms A21) Ltd,310000
177590024191,"Unit 3, Chesapeake Branded Packaging, Limberline Road, Portsmouth, PO3 5JF",Empty Property Rate Industrial,16-Jan-20,IF,Limberline Property Holdings Ltd,39250
177590024160,"Unit 2, Chesapeake Branded Packaging, Limberline Road , Portsmouth , PO3 5JF",Empty Property Rate Industrial,16-Jan-20,IF,Limberline Property Holdings Ltd,33500
177511246510,"155, Manners Road , Southsea , PO4 0BD",RV below minimum for EPR,10-Jul-19,CW3,Litten Properties Limited,980
177501625610,"Rear Second Floor, 115, Commercial Road, Portsmouth, PO1 1BU",Empty Property Rate Non-Industrial,01-Apr-11,CO,Lloyds Bank Plc,15500
177501625710,"Third Floor, 115, Commercial Road, Portsmouth, PO1 1BU",Empty Property Rate Non-Industrial,30-Dec-16,CO,Lloyds Bank Plc,4300
177509215810,"12, St Georges Business Centre, St Georges Square, Portsmouth, PO1 3EZ",Empty Property Rate Non-Industrial,16-Jul-18,CO,Longdeal Ltd,6600
177509216110,"15, St Georges Business Centre, St Georges Square, Portsmouth, PO1 3EZ",Empty Property Rate Non-Industrial,02-Apr-17,CO,Longdeal Ltd,6500
177503828440,"First Floor, 58d, High Street, Cosham, Portsmouth, PO6 3AG",Empty Property Rate Non-Industrial,01-Oct-21,CO,Lsjr Properties Ltd,8300
177503577510,"264, Havant Road, Portsmouth, PO6 1PA",Vacant (1st 3 months),01-Nov-21,CW3,M Tec Walling Limited,13750
177510780120,"Unit 2 Explorer, Voyager Park, Portfield Road, Portsmouth, PO3 5FL",Empty Property Rate Industrial,07-Sep-21,CW,Marlin Portsmouth Sarl,65000
177511336731,"Unit 5 Explorer, Voyager Park, Portfield Road, Portsmouth, PO3 5FL",Empty Property Rate Industrial,07-Sep-21,CW,Marlin Portsmouth Sarl,34500
177511422610,"Suites 004 & 005 West Wing, 1000 Lakeside, Western Road, Portsmouth, PO6 3EN",Empty Property Rate Non-Industrial,01-Jul-21,CO,Mll Limited,61500
177590109910,"Roof Top (61948), Rose Tower, Clarence Parade, Southsea, Hants, PO5 2HX",Land,01-Feb-19,MT1,Mobile Broadband Network Ltd,13250
177504408510,"83, Kingston Crescent, Portsmouth, PO2 8AA",Empty Property Rate Non-Industrial,02-Oct-21,CS,Mtns Properties Ltd,6900
177511427510,"79, Kingston Crescent, Portsmouth, PO2 8AA",Vacant (1st 3 months),01-Nov-21,CS,Mtns Properties Ltd,5900
177501626310,"First & Second Floors, 148, Commercial Road, Portsmouth, PO1 1EY",Empty Property Rate Non-Industrial,23-Oct-12,CO,N I Local Government Officers Superannuation Committee,7100
177504992610,"Ground Floor, 70, London Road, Portsmouth, PO2 0LN",Empty Property Rate Non-Industrial,17-Mar-21,CS,Nationwide Building Society,15250
177512183710,"Vacant Area, St James Hospital, Locksway Road, Southsea, PO4 8LD",RV below minimum for EPR,25-Nov-15,MH2,Nhs Property Services Ltd,100
177501615510,"146, Commercial Road, Portsmouth, PO1 1EX",Vacant (1st 3 months),01-Dec-21,CS,Northern Ireland Lgo Superannuation Committee,160000
177501626010,"First Floor Front, 146, Commercial Road, Portsmouth, PO1 1EX",Empty Property Rate Non-Industrial,06-Nov-21,CO,Northern Ireland Lgo Superannuation Committee,6500
177501615910,"151, Commercial Road, Portsmouth, PO1 1BU",Empty Property Rate Non-Industrial,25-Jul-20,CS,Nt Property Nominees 1a Limited,106000
177510354510,"Fairfield House, 47-51 , Kingston Crescent, Portsmouth, PO2 8AA",Vacant (1st 3 months),21-Dec-21,CO,Oby Consultants Ltd,129000
177501612910,"105, Commercial Road, Portsmouth, PO1 1BN",Listed Building,18-Jun-10,CS,Om Properties Investment Company Ltd,48000
177590026910,"First Floor / Second, 105, Commercial Road, Portsmouth, PO1 1BN",Listed Building,02-Mar-21,CO,Om Properties Investment Company Ltd,19500
177505368910,"Ground Floor, 24, Marmion Road, Southsea, Hants, PO5 2BA",Empty Property Rate Non-Industrial,27-Apr-20,CS,Orzdee Formations Ltd,11000
177512498810,"5 Interchange Park, Robinson Way, Portsmouth, PO3 5QD",Empty Property Rate Industrial,20-Jan-22,CW,Paloma 1 (Industrial 2) Trustee 1 Limited,208000
177503345110,"Unit 3, Grove Road, Portsmouth, PO6 1LX",Empty Property Rate Industrial,19-Nov-21,IF,Patrizia Hanover Property Unit Trust,89000
177509935010,"C3, Mountbatten Business Park, Jackson Close, Portsmouth, PO6 1US",Empty Property Rate Industrial,22-Aug-21,CW3,Patrizia Hanover Property Unit Trust,34250
177501493920,"Unit 2 & 3, Ojs Industrial Park, Claybank Road, Portsmouth, Hants, PO3 5SX",Empty Property Rate Non-Industrial,01-Aug-20,CW,Pawswoof Doggy Daycare Ltd,34500
177509215910,"13, St Georges Business Centre, St Georges Square, Portsmouth, PO1 3EZ",Empty Property Rate Non-Industrial,25-Apr-21,CO,Pender Estates Ltd,6500
177500058710,"Warehouse, Aspen House, Airport Service Road, Portsmouth, PO3 5RA",Empty Property Rate Industrial,01-Oct-21,CW,Penta Precision Engineering Ltd,19500
177500091110,"Ground Floor, 83, Albert Road, Southsea, Hants, PO5 2SG",Empty Property Rate Non-Industrial,30-Jan-21,CS,Personal details not listed,11250
177500093810,"104, Albert Road, Southsea, Hants, PO5 2SN",Empty Property Rate Non-Industrial,17-Nov-21,CS,Personal details not listed,7600
177500095410,"116, Albert Road, Southsea, Hants, PO4 0JS",Empty Property Rate Non-Industrial,09-Jun-20,CS,Personal details not listed,8600
177510233310,"Studio, 116, Albert Road, Southsea, Hants, PO4 0JS",RV below minimum for EPR,01-Apr-21,CO,Personal details not listed,1400
177500616410,"Store, Adjacent, 48, Bevis Road, Portsmouth, PO2 8AT",Land,24-May-17,CW1,personal details not listed,4450
177501279710,"17, Chichester Road, Portsmouth, PO2 0AA",RV below minimum for EPR,01-Jul-20,CS,Personal details not listed,2600
177501288310,"110, Chichester Road, Portsmouth, PO2 0AH",RV below minimum for EPR,17-May-21,CS,Personal details not listed,2400
177501294510,"178, Chichester Road, Portsmouth, PO2 0AH",Empty Property Rate Non-Industrial,17-Feb-21,CS,Personal details not listed,4350
177511839020,"Units 6 - 7, The Approach, Claybank Road, Portsmouth, PO3 5LL",Empty Property Rate Non-Industrial,01-Dec-21,IF3,Personal details not listed,9800
177512179410,"Office A (2nd Flr), Claybank Road, Portsmouth, PO3 5NG",Empty Property Rate Non-Industrial,01-May-21,CO,Personal details not listed,4100
177501623110,"297, Commercial Road, Portsmouth, PO1 4BP",Local Authority Action,23-Aug-06,CR,Personal details not listed,3100
177501689610,"207-217, Copnor Road, Portsmouth, PO3 5BY",Empty Property Rate Industrial,01-Jan-22,IF3,Personal details not listed,18750
177510730310,"First Floor, 105, Copythorn Road, Portsmouth, PO2 0DZ",RV below minimum for EPR,16-Dec-18,CO,Personal details not listed,2500
177502381110,"Garage M, Milton Park Garages, R/O 174, Eastney Road, Southsea, Hants, PO4 8DY",RV below minimum for EPR,01-Apr-15,CW3,Personal details not listed,440
177502381210,"Garage L, Milton Park Garages, R/O 174, Eastney Road, Southsea, Hants, PO4 8DY",RV below minimum for EPR,01-Apr-19,CW3,Personal details not listed,440
177502384410,"Garage N, Milton Park Garages, R/O 174, Eastney Road, Southsea, Hants, PO4 8DY",Prohibited by Law,01-Sep-16,CW3,Personal details not listed,440
177502725310,"73, Fawcett Road, Southsea, Hants, PO4 0DB",Vacant (1st 3 months),08-Nov-21,CS,Personal details not listed,6300
177502728210,"90, Fawcett Road, Southsea, Hants, PO4 0DN",Empty Property Rate Industrial,01-Jan-21,CS,Personal details not listed,5300
177503008510,"Store Rear Of, 193, Fratton Road, Portsmouth, PO1 5EU",RV below minimum for EPR,15-Apr-93,CW3,Personal details not listed,1100
177503013710,"Workshop, 6 Oyster Mews, French Street, Portsmouth, PO1 2JS",Deceased,30-Sep-19,IF3,Personal details not listed,6300
177503398310,"27, Guildhall Walk, Portsmouth, PO1 2RP",Empty Property Rate Non-Industrial,01-Jan-22,MH,Personal details not listed,73000
177512092916,"Office B First Floor, Castle View, Trafalgar Wharf, Hamilton Road, Portsmouth, PO6 4PX",RV below minimum for EPR,01-Sep-19,IF3,Personal details not listed,770
177503570810,"208, Havant Road, Portsmouth, PO6 2EH",Empty Property Rate Non-Industrial,15-May-20,CS,Personal details not listed,15000
177503928810,"Ground Floor, 33, Highland Road, Southsea, Hants, PO4 9DA",RV below minimum for EPR,24-Apr-21,CS,Personal details not listed,2700
177503943710,"185-187, Highland Road, Southsea, Hants, PO4 9EZ",Empty Property Rate Non-Industrial,01-Jul-18,CS,Personal details not listed,8700
177503943810,"189-191, Highland Road, Southsea, Hants, PO4 9EZ",Empty Property Rate Non-Industrial,01-Apr-11,CS,Personal details not listed,9600
177510143510,"113, Highland Road, Southsea, Hants, PO4 9DD",Empty Property Rate Non-Industrial,13-May-18,CS,Personal details not listed,0
177503819020,"61, High Street, Portsmouth, PO6 3AX",Empty Property Rate Non-Industrial,01-Apr-18,CS,Personal details not listed,26750
177503819610,"65, High Street, Cosham, Portsmouth, PO6 3AZ",Empty Property Rate Non-Industrial,23-Feb-21,CS,personal details not listed,5100
177503837710,"54, High Street, Portsmouth, PO1 2LU",Listed Building,09-Apr-16,CL,Personal details not listed,7300
177503857610,"Basement, 24, High Street, Portsmouth, PO1 2LS",Listed Building,19-Dec-13,CO,Personal details not listed,3800
177511699510,"111, High Street, Portsmouth, PO6 3BB",Empty Property Rate Non-Industrial,11-Sep-20,CS,Personal details not listed,6300
177512092310,"First Floor, 27a, Kingston Road, Portsmouth, Hants, PO2 7DP",Empty Property Rate Non-Industrial,13-Oct-21,CO,Personal details not listed,4800
177512112610,"First Floor, 223, Kingston Road, Portsmouth, PO2 7EG",RV below minimum for EPR,19-Jan-15,CL2,Personal details not listed,1
177512475730,"Unit 3, 47-49, Kingston Road, Portsmouth, PO2 7DP",RV below minimum for EPR,01-Jan-18,CS,Personal details not listed,1600
177512475740,"Unit 4, 47-49, Kingston Road, Portsmouth, PO2 7DP",RV below minimum for EPR,01-Jan-18,CS,Personal details not listed,1850
177504764610,"Unit 30, Gunners Building, Limberline Road, Portsmouth, PO3 5BJ",Empty Property Rate Industrial,01-Jul-21,CW3,Personal details not listed,7600
177504857410,"3-5, Locksway Road, Southsea, Hants, PO4 8JL",Empty Property Rate Non-Industrial,16-Jul-17,CS,Personal details not listed,7000
177504934410,"25, London Road, Portsmouth, PO2 0BQ",Empty Property Rate Non-Industrial,17-Dec-21,CS,Personal details not listed,27500
177504941510,"98a, London Road, Portsmouth, PO2 0LZ",Empty Property Rate Non-Industrial,17-Mar-18,CS,Personal details not listed,6900
177504947711,"151, London Road, Portsmouth, PO2 9AA",Empty Property Rate Non-Industrial,26-Jan-16,CS3,Personal details not listed,9700
177504972430,"Offices 4 & 5, 350-352, London Road, Portsmouth, PO2 9JY",RV below minimum for EPR,01-May-21,CO+,Personal details not listed,2650
177504979910,"422, London Road, Portsmouth, PO2 9LB",Vacant (1st 3 months),01-Jan-22,CS,Personal details not listed,5500
177505015410,"1, Exchange House, 122-124, London Road, Portsmouth, PO2 9DD",Empty Property Rate Non-Industrial,29-Jun-19,CS,Personal details not listed,14250
177590123810,"First Flr Unit 4, Exchange House, 122-124, London Road, Portsmouth, PO2 9DD",Empty Property Rate Non-Industrial,02-Feb-13,CO,Personal details not listed,19750
177509056210,"Harbour View, Milton Locks, Longshore Way, Southsea, Hants, PO4 8LT",RV below minimum for EPR,20-Feb-19,LH1,Personal details not listed,900
177505622910,"Ground Floor, 162, Milton Road, Southsea, Hants, PO4 8PN",Empty Property Rate Non-Industrial,02-Feb-12,CS,Personal details not listed,4900
177505626410,"241-243, Milton Road, Southsea, Hants, PO4 8PH",Empty Property Rate Non-Industrial,21-Sep-21,CS,Personal details not listed,18250
177506057310,"Ground & First Floor, F2 Cumberland Business Centre, Northumberland Road, Southsea, Hants, PO5 1DS",Empty Property Rate Non-Industrial,20-Oct-11,CO,Personal details not listed,8400
177509933410,"Unit 3, 373 - 375, Old Commercial Road, Portsmouth, PO1 4QG",Empty Property Rate Non-Industrial,01-Feb-20,CO,Personal details not listed,11500
177506226910,"80-82, Osborne Road, Southsea, Hants, PO5 3LU",Empty Property Rate Non-Industrial,27-Nov-20,CR,Personal details not listed,29250
177512718110,"First Floor, 65, Palmerston Road , Southsea , PO5 2BU",Empty Property Rate Non-Industrial,16-Jan-20,CO,Personal details not listed,2900
177506661910,"Nursery, 22, Priory Crescent, Southsea, Hants, PO4 8RL",Vacant (1st 3 months),17-Dec-21,EN1,Personal details not listed,19500
177507380510,"Travellers Rest, 117, Somers Road, Southsea, Hants, PO5 4PT",Empty Property Rate Non-Industrial,01-Dec-11,CL,Personal details not listed,11500
177507480611,"140, Southampton Road, Portsmouth, PO6 4RX",Land,01-Apr-11,CX,Personal details not listed,13500
177507481310,"Unit 6a, Southampton Road, Portsmouth, PO6 4RJ",Empty Property Rate Non-Industrial,24-Oct-20,CX,Personal details not listed,21000
177507521910,"First Floor, 21, Spur Road, Portsmouth, PO6 3DY",Empty Property Rate Non-Industrial,01-Apr-11,CO,Personal details not listed,4800
177503479910,"The Victory, 32, The Hard, Portsmouth, PO1 3DT",Empty Property Rate Non-Industrial,01-Sep-19,CL,Personal details not listed,11750
177508054010,"251, Twyford Avenue, Portsmouth, PO2 8NY",Empty Property Rate Non-Industrial,14-Feb-20,CS,Personal details not listed,5900
177508075810,"Pounds Land, Twyford Avenue, Portsmouth, PO2 8QA",Land,29-Jul-16,CW1,Personal details not listed,65000
177508076010,"Tipnor Wharf, Twyford Avenue, Portsmouth, PO2 8PF",Land,27-Jul-20,IM3,Personal details not listed,20750
177508406310,"13, Waverley Road, Southsea, Hants, PO5 2PH",Empty Property Rate Non-Industrial,06-Jul-21,CS,Personal details not listed,6200
177508750110,"Store Rear Of, 104a, Winter Road, Southsea, Hants, PO4 8DP",Empty Property Rate Industrial,01-Apr-11,CW3,Personal details not listed,3400
177512760410,"Unit 8g  , Skill Centre, Limberline Spur, Portsmouth, PO3 5LF",Empty Property Rate Industrial,02-Aug-21,CW,Petchey Industrial Properties (No 4) Limited,16000
177504417610,"Ground Floor, 44, Kingston Road, Portsmouth, PO1 5RZ",Empty Property Rate Non-Industrial,23-Jan-21,CS,Ports Properties Ltd,5000
177512282710,"108, Elm Grove, Southsea, PO5 1LP",Empty Property Rate Non-Industrial,09-May-17,CS,Portsmouth And Capital Ltd,8800
177500059510,"Bastion No 6, Casement 3, Airport Service Road, Portsmouth, PO3 5PP",Ancient Monument,01-Apr-16,CW3,Portsmouth City Council,970
177500059620,"Bastion 6, Casemate 4-8, Airport Service Road, Portsmouth, PO3 5RQ",Listed Building,16-Aug-13,CW3,Portsmouth City Council,9500
177509682310,"Bastion 6 Casement 1, Airport Service Road, Portsmouth, PO3 5RQ",Ancient Monument,01-Apr-16,CW3,Portsmouth City Council,940
177510657420,"Mobile Catering Trailer, Airspeed Road, Portsmouth, PO3 5RE",RV below minimum for EPR,01-Dec-21,CX,Portsmouth City Council,2600
177500080910,"Ground Floor, 26, Albert Road, Southsea, Hants, PO5 2SJ",Empty Property Rate Non-Industrial,18-Oct-17,CS,Portsmouth City Council,4650
177500167210,"199, Allaway Avenue, Portsmouth, PO6 4HG",Empty Property Rate Non-Industrial,20-Jun-20,CS,Portsmouth City Council,8800
177500168510,"219-225, Allaway Avenue, Portsmouth, PO6 4HQ",Empty Property Rate Non-Industrial,23-Feb-20,CO,Portsmouth City Council,29000
177500275010,"1-3, Angerstein Road, Portsmouth, PO2 8HL",Empty Property Rate Non-Industrial,12-Sep-18,CO,Portsmouth City Council,13000
177500834510,"The Millennium (Camber) Pontoon, Broad Street, Portsmouth, PO1 2JD",Land,01-Oct-11,NT1,Portsmouth City Council,4050
177511970110,"Store, Adj Conveniences, Broad Street, Portsmouth, PO1 2JD",RV below minimum for EPR,11-Mar-21,CW3,Portsmouth City Council,500
177511974110,"Ground Floor, 96, Broad Street, Portsmouth, PO1 2JE",Empty Property Rate Non-Industrial,08-May-21,CS,Portsmouth City Council,4350
177512194410,"Management Office, Point Battery & Barracks, Broad Street, Portsmouth, PO1 2FS",Listed Building,01-Jul-16,CW3,Portsmouth City Council,650
177511824320,"Lorry Park, Burrfields Road, Portsmouth, PO3 5JJ",Land,21-Jul-21,CW1,Portsmouth City Council,6700
177501371030,"Pier View , Kiosk, Clarence Esplanade, Southsea, PO5 3ST",Empty Property Rate Non-Industrial,01-Dec-19,CX,Portsmouth City Council,6500
177511817810,"Concession 112, Mobile Kiosk, Clarence Esplanade, Southsea, Hants, PO5 3PB",Land,10-Feb-16,CX,Portsmouth City Council,1300
177501430510,"3, Eley Court, 78-80, Clarence Street, Portsmouth, PO1 4AY",RV below minimum for EPR,01-Jul-21,CW3,Portsmouth City Council,1300
177501430610,"4, Eley Court, 78-80, Clarence Street, Portsmouth, PO1 4AY",RV below minimum for EPR,01-Jul-21,CW3,Portsmouth City Council,600
177501430710,"5, Eley Court, 78-80, Clarence Street, Portsmouth, PO1 4AY",RV below minimum for EPR,24-Jul-98,CW3,Portsmouth City Council,780
177501430810,"6, Eley Court, 78-80, Clarence Street, Portsmouth, PO1 4AY",RV below minimum for EPR,09-Jan-03,CW3,Portsmouth City Council,600
177501431410,"78, Clarence Street, Portsmouth, PO1 4AY",RV below minimum for EPR,01-Apr-09,CO,Portsmouth City Council,2900
177501432110,"Market Traders Store, Store, 1, Clarence Street, Portsmouth, PO1 4AY",RV below minimum for EPR,01-Apr-19,CW3,Portsmouth City Council,680
177501432410,"Market Traders Store, Store, 4, Clarence Street, Portsmouth, PO1 4AY",RV below minimum for EPR,01-Sep-17,CW3,Portsmouth City Council,680
177501432610,"Market Traders Store, Store, 6, Clarence Street, Portsmouth, PO1 4AY",RV below minimum for EPR,09-Dec-19,CW3,Portsmouth City Council,680
177512682510,"Kiosk, College Park, Copnor Road, Portsmouth, PO3 5EW",RV below minimum for EPR,29-Sep-21,CS4,Portsmouth City Council,1325
177509682410,"1-2 , East Centre Curtain, Airport Approach Road, Portsmouth, PO3 5PP",RV below minimum for EPR,30-Apr-90,CW3,Portsmouth City Council,2050
177511927410,"Concession 48, Farlington Playing Fields, Eastern Road, Portsmouth, PO6",Land,04-Apr-16,CX,Portsmouth City Council,780
177502354310,"Concrete Apron, Eastney Esplanade, Southsea, Hants, PO4 9NA",RV below minimum for EPR,03-Aug-10,MX,Portsmouth City Council,1025
177509403520,"Boat Trailer Park, East Street, The Camber, Portsmouth, PO1 2JJ",Land,27-Jul-15,CW1,Portsmouth City Council,435
177502619010,"Parking Cage, Block F, Estella Road, Portsmouth, PO2 7SG",Land,01-Apr-11,CP,Portsmouth City Council,11250
177503010010,"Market Traders Store, Store, 10, Frederick Street, Portsmouth, PO1",RV below minimum for EPR,01-Nov-16,CW3,Portsmouth City Council,840
177503010110,"Market Traders Store, Store, 11, Frederick Street, Portsmouth, PO1",RV below minimum for EPR,03-Feb-20,CW3,Portsmouth City Council,840
177503010210,"Market Traders Store, Store, 12, Frederick Street, Portsmouth, PO1",RV below minimum for EPR,01-Oct-16,CW3,Portsmouth City Council,840
177503010710,"Market Traders Store, Store, 3, Frederick Street, Portsmouth, PO1",RV below minimum for EPR,01-Apr-10,CW3,Portsmouth City Council,840
177501660210,"Part 1st Flr Rear, Plummers Building, Portsmouth International Port, George Byng Way, Portsmouth, Hants, PO2 8QN",Empty Property Rate Non-Industrial,30-Sep-20,CO,Portsmouth City Council,16250
177501667110,"Portacabin 20, Berth 4, Portsmouth International Port, George Byng Way, Portsmouth, Hants, PO2 8QN",Empty Property Rate Non-Industrial,01-Oct-17,CO,Portsmouth City Council,6900
177512249310,"Kiosk 8, Portsmouth International Port, George Byng Way, Portsmouth, PO2 8QN",RV below minimum for EPR,01-Apr-15,CX,Portsmouth City Council,840
177503229414,"Unit C11, Underground Storage Bay C, Grafton Street, Buckland, Portsmouth, PO2 7DA",RV below minimum for EPR,01-Apr-19,CW3,Portsmouth City Council,740
177503229415,"Unit C12, Underground Storage Bay C, Grafton Street, Buckland, Portsmouth, PO2 7DA",RV below minimum for EPR,01-Apr-19,CW3,Portsmouth City Council,740
177503229429,"Unit C36, Underground Storage Bay C, Grafton Street, Buckland, Portsmouth, PO2 7DA",RV below minimum for EPR,01-Apr-19,CW3,Portsmouth City Council,740
177512214410,"Market Trader Store 1, Greetham Street, Southsea, PO5 4FD",RV below minimum for EPR,06-Sep-16,CW3,Portsmouth City Council,2200
177512214510,"Market Trader Store 2, Greetham Street, Southsea, PO5 4FD",RV below minimum for EPR,06-Sep-16,CW3,Portsmouth City Council,1050
177512214610,"Market Trader Store 3, Greetham Street, Southsea, PO5 4FD",RV below minimum for EPR,06-Sep-16,CW3,Portsmouth City Council,1050
177512214710,"Market Trader Store 4, Greetham Street, Southsea, PO5 4FD",RV below minimum for EPR,06-Sep-16,CW3,Portsmouth City Council,1050
177512214810,"Market Trader Store 5, Greetham Street, Southsea, PO5 4FD",RV below minimum for EPR,06-Sep-16,CW3,Portsmouth City Council,1000
177512214910,"Market Trader Store 6, Greetham Street, Southsea, PO5 4FD",RV below minimum for EPR,06-Sep-16,CW3,Portsmouth City Council,1000
177512215010,"Market Trader Store 7, Greetham Street, Southsea, PO5 4FD",RV below minimum for EPR,06-Sep-16,CW3,Portsmouth City Council,1350
177512215110,"Market Trader Store 8, Greetham Street, Southsea, PO5 4FD",RV below minimum for EPR,06-Sep-16,CW3,Portsmouth City Council,2400
177512215210,"Market Trader Store 9, Greetham Street, Southsea, PO5 4FD",RV below minimum for EPR,06-Sep-16,CW3,Portsmouth City Council,1750
177512215310,"Market Trader Store 10, Greetham Street, Southsea, PO5 4FD",RV below minimum for EPR,06-Sep-16,CW3,Portsmouth City Council,1100
177512215410,"Market Trader Store 11, Greetham Street, Southsea, PO5 4FD",RV below minimum for EPR,06-Sep-16,CW3,Portsmouth City Council,1975
177512215510,"Market Trader Store 12, Greetham Street, Southsea, PO5 4FD",RV below minimum for EPR,06-Sep-16,CW3,Portsmouth City Council,1225
177512215610,"Market Trader Store 13, Greetham Street, Southsea, PO5 4FD",RV below minimum for EPR,06-Sep-16,CW3,Portsmouth City Council,1075
177512215710,"Market Trader Store 14, Greetham Street, Southsea, PO5 4FD",RV below minimum for EPR,06-Sep-16,CW3,Portsmouth City Council,2125
177511648010,"Mobile Catering Van Site, Guildhall Square, Portsmouth, Hants, PO1",RV below minimum for EPR,03-Jun-21,CX,Portsmouth City Council,2100
177503442510,"Ground Floor, Brewery House, 18-20, Hambrook Street, Southsea, Hants, PO5 3BE",Empty Property Rate Non-Industrial,28-Aug-16,LC3,Portsmouth City Council,7900
177503442610,"Atc(1189 Squadron) F, Brewery House, 18-20, Hambrook Street, Southsea, Hants, PO5 3BE",Empty Property Rate Non-Industrial,11-Mar-17,LC3,Portsmouth City Council,5100
177511735510,"Metal Shed, Old Pump House, 199, Henderson Road, Portsmouth, PO4 9JF",Empty Property Rate Industrial,02-May-20,IF3,Portsmouth City Council,4700
177512016710,"Day Centre For Dogs, Bldg South Of Engine House, 199, Henderson Road, Southsea, PO4 9JF",RV below minimum for EPR,17-Jul-18,CX,Portsmouth City Council,1025
177509964810,"53, Kingston Road, Portsmouth, PO2 7DP",Empty Property Rate Non-Industrial,14-Aug-19,CS,Portsmouth City Council,6800
177512248210,"Ground Floor, Building 4000, Lakeside Business Park, Western Road, Portsmouth, PO6 3FT",Vacant (1st 3 months),25-Nov-21,CO,Portsmouth City Council,149000
177504767910,"Unit 36, Limberline Industrial Estate, Limberline Spur, Portsmouth, PO3 5DX",Empty Property Rate Industrial,01-Dec-20,IF3,Portsmouth City Council,10750
177512169910,"Unit 18, Hilsea Industrial Estate, Limberline Spur, Portsmouth, PO3 5JW",Empty Property Rate Industrial,02-Dec-21,CW,Portsmouth City Council,10500
177504879410,"290, Locksway Road, Southsea, Hants, PO4 8LQ",Empty Property Rate Non-Industrial,07-Oct-18,CS,Portsmouth City Council,3850
177504307310,"Mckinlay'S Yard, Mile End Road, Portsmouth, PO2",Land,04-Feb-21,CW1,Portsmouth City Council,25500
177506014610,"184a, Northern Parade, Portsmouth, PO2 9LU",Empty Property Rate Non-Industrial,26-Apr-21,CS,Portsmouth City Council,7100
177506045310,"Citizens Advice Bureau, Northern Road, Portsmouth, PO6 3DN",Empty Property Rate Non-Industrial,01-Jul-17,CO,Portsmouth City Council,4600
177511196410,"Concession 49, King George Playing Fields, Northern Road, Cosham, Portsmouth, PO6",Land,12-Dec-18,CX,Portsmouth City Council,770
177506162420,"Rooms 11-12, Omega Centre, Omega Street, Southsea, Hants, PO5 4LP",Empty Property Rate Non-Industrial,15-Mar-21,IF4,Portsmouth City Council,7000
177506162492,"Rooms 39-41, Omega Centre, Omega Street, Southsea, Hants, PO5 4LP",Empty Property Rate Non-Industrial,15-Mar-21,IF4,Portsmouth City Council,7000
177506548410,"Unit 6, Port Royal Street, Southsea, Hants, PO5 4NP",Empty Property Rate Industrial,07-Mar-19,IF3,Portsmouth City Council,7300
177506548710,"Unit 9, Port Royal Street, Southsea, Hants, PO5 4NP",Empty Property Rate Industrial,27-Jul-19,IF3,Portsmouth City Council,5600
177506682210,"137, Queen Street, Portsmouth, PO1 3HY",Empty Property Rate Non-Industrial,23-Dec-19,CS,Portsmouth City Council,7200
177507152010,"Bastion 4, Casemate 1, Scott Road, Portsmouth, PO3",RV below minimum for EPR,19-May-94,CW3,Portsmouth City Council,840
177507152110,"Bastion 4, Casemate 3, Scott Road, Portsmouth, PO3",RV below minimum for EPR,01-Apr-15,CW3,Portsmouth City Council,530
177507152210,"Bastion 4, Casemate 4, Scott Road, Portsmouth, PO3",RV below minimum for EPR,01-Apr-15,CW3,Portsmouth City Council,560
177507152510,"Bastion 3, Casemate 3, Scott Road, Portsmouth, PO3",Listed Building,31-Aug-19,CW3,Portsmouth City Council,560
177507392610,"Unit 101, Victory Business Centre, Somers Road North, Portsmouth, PO1 1PJ",RV below minimum for EPR,01-Jul-19,IF3,Portsmouth City Council,1100
177507394330,"Unit 205, Victory Business Centre, Somers Road North, Portsmouth, Hants, PO1 1PJ",Vacant (1st 3 months),01-Jan-22,IF3,Portsmouth City Council,3350
177507398510,"Unit 420, Victory Business Centre, Somers Road North, Portsmouth, PO1 1PJ",Empty Property Rate Industrial,01-Aug-21,IF3,Portsmouth City Council,3350
177512147840,"Unit 309/311, Victory Business Centre, Somers Road North, Portsmouth, PO1 1PJ",Vacant (1st 3 months),01-Jan-22,IF3,Portsmouth City Council,5300
177512042510,"Concession 8, Lumps Fort Car Park, Southsea Esplanade, Southsea, Hants, PO4 9RF",Land,01-Oct-18,CX,Portsmouth City Council,8000
177502565912,"Sun Hut 2, Adj Lumps Fort, The Esplanade, Southsea, PO4 3NZ",RV below minimum for EPR,01-Jul-20,LH1,Portsmouth City Council,900
177511874910,"Suite 007 West Wing, 1000 Lakeside, Western Road, Portsmouth, PO6 3EN",Empty Property Rate Non-Industrial,01-Dec-21,CO,Portsmouth City Council,43250
177511934210,"Suite 215 Central, 1000 Lakeside, Western Road, Portsmouth, PO6 3EN",Empty Property Rate Non-Industrial,16-Nov-21,CO,Portsmouth City Council,18750
177511948810,"Suite 003 West Wing, 1000 Lakeside, Western Road, Portsmouth, PO6 3EN",Empty Property Rate Non-Industrial,10-Sep-21,CO,Portsmouth City Council,18000
177511989210,"Suite 307 East Wing, 1000 Lakeside, Western Road, Portsmouth, PO6 3EN",Empty Property Rate Non-Industrial,30-Dec-20,CO,Portsmouth City Council,67500
177512139020,"Suite 303 West Wing, 1000 Lakeside, Western Road, Portsmouth, PO6 3EN",Empty Property Rate Non-Industrial,16-Nov-21,CO,Portsmouth City Council,109000
177512246410,"3rd Floor Building 2000, Lakeside Business Park, Western Road, Portsmouth, PO6 3AA",Empty Property Rate Non-Industrial,18-Jan-22,CO,Portsmouth City Council,120000
177512856110,"Suite 001 Central, 1000 Lakeside, Western Road, Portsmouth, PO6 3EN",Empty Property Rate Non-Industrial,07-Sep-21,CO,Portsmouth City Council,67500
177511646210,"Mooring 12, The Fish Quay Pontoon, The Camber, White Hart Road, Portsmouth, PO1 2TP",RV below minimum for EPR,01-Jul-16,NT1,Portsmouth City Council,1150
177511646510,"Mooring 13, The Fish Quay Pontoon, The Camber, White Hart Road, Portsmouth, PO1 2TP",RV below minimum for EPR,01-Apr-21,NT1,Portsmouth City Council,1150
177511872510,"Unit 1, Ark Royal House, Winston Churchill Avenue, Portsmouth, PO1 2GF",Empty Property Rate Non-Industrial,12-Feb-21,CS,Portsmouth City Council,5400
177502353525,"Sun Hut 15, The Esplanade, Southsea, PO5 3NZ",RV below minimum for EPR,01-Apr-16,LH1,Portsmouth City Council,900
177501621410,"263, Commercial Road, Portsmouth, PO1 4BP",RV below minimum for EPR,19-Feb-14,CS,Portsmouth General Partner Ltd,2900
177511336720,"Unit 4 Explorer, Voyager Park, Portfield Road, Portsmouth, PO3 5FL",Empty Property Rate Industrial,05-Dec-21,CW,Portsmouth Industrial Owner Llp,49750
177501153510,"39, Charlotte Street, Portsmouth, PO1 4AH",Local Authority Action,25-Aug-16,CS,Portsmouth Limited Partnership,5600
177501623010,"295, Commercial Road, Portsmouth, PO1 4BP",Local Authority Action,13-Aug-08,CS,Portsmouth Limited Partnership,3900
177509765410,"2-5, City Buildings, Commercial Road, Portsmouth, PO1 4BD",Local Authority Action,11-Mar-15,LT1,Portsmouth Limited Partnership,41750
177509019820,"Storehouse 9, Hm Naval Base, Main Street, Portsmouth, PO1 3PU",Empty Property Rate Industrial,22-Dec-21,IF3,Portsmouth Naval Base Property Trust,9100
177509710410,"Suite 104, Technopole, Kingston Crescent, Portsmouth, PO2 8AB",RV below minimum for EPR,19-Sep-21,CO,Portsmouth Technopole Ltd,2450
177509934110,"Suite 005, Technopole, Kingston Crescent, Portsmouth, PO2 8FA",RV below minimum for EPR,01-Nov-20,CO,Portsmouth Technopole Ltd,2850
177509934410,"Suite 008, Technopole, Kingston Crescent, Portsmouth, PO2 8FA",Empty Property Rate Non-Industrial,01-Sep-21,CO,Portsmouth Technopole Ltd,7200
177509934510,"Suite 009, Technopole, Kingston Crescent, Portsmouth, PO2 8FA",Empty Property Rate Non-Industrial,01-Sep-21,CO,Portsmouth Technopole Ltd,5800
177509934810,"Suite 108, Technopole, Kingston Crescent, Portsmouth, PO2 8FA",Empty Property Rate Non-Industrial,01-Nov-21,CO,Portsmouth Technopole Ltd,5800
177510110710,"Suite 211, Technopole, Kingston Crescent, Portsmouth, PO2 8FA",Empty Property Rate Non-Industrial,11-Nov-21,CO,Portsmouth Technopole Ltd,2900
177510110910,"Suite 311, Technopole, Kingston Crescent, Portsmouth, PO2 8FA",RV below minimum for EPR,01-Sep-21,CO,Portsmouth Technopole Ltd,1225
177510111110,"Suite 313, Technopole, Kingston Crescent, Portsmouth, PO2 8FA",RV below minimum for EPR,01-Sep-21,CO,Portsmouth Technopole Ltd,1225
177510111210,"Suite 314, Technopole, Kingston Crescent, Portsmouth, PO2 8FA",RV below minimum for EPR,16-Mar-21,CO,Portsmouth Technopole Ltd,1950
177510111410,"Suite 316, Technopole, Kingston Crescent, Portsmouth, PO2 8FA",Empty Property Rate Non-Industrial,11-Nov-17,CO,Portsmouth Technopole Ltd,8900
177510163310,"Suite 300, Technopole, Kingston Crescent, Portsmouth, PO2 8FA",Empty Property Rate Non-Industrial,01-Nov-21,CO,Portsmouth Technopole Ltd,6100
177510803710,"Suite 213, Technopole, Kingston Crescent, Portsmouth, PO2 8FA",RV below minimum for EPR,01-Aug-21,CO,Portsmouth Technopole Ltd,2850
1775900912,"Suite 210, Technopole, Kingston Crescent, Portsmouth, PO2 8FA",Empty Property Rate Non-Industrial,01-Nov-21,CO,Portsmouth Technopole Ltd,15250
1775900914,"Suite 205, Technopole, Kingston Crescent, Portsmouth, PO2 8FA",Empty Property Rate Non-Industrial,30-Sep-20,CO,Portsmouth Technopole Ltd,5100
1775901014,"Suite 208, Technopole, Kingston Crescent, Portsmouth, PO2 8FA",Empty Property Rate Non-Industrial,01-Jan-22,CO,Portsmouth Technopole Ltd,5800
177512499510,"Part Second Floor, Former Post Office, Slindon Street, Portsmouth, PO1 1AB",Empty Property Rate Non-Industrial,12-Feb-21,CO,Post Office Limited,54500
177590032010,"Pounds Marine Shipping, Twyford Avenue, Portsmouth, PO2 8QA",Land,01-Apr-08,CW1,Pounds Shipowners & Shipbreakers Limited,98000
177508075110,"Land Rear Of Fuel Depot, Twyford Avenue, Portsmouth, PO2 8QA",Land,01-Apr-08,IX,Pounds Shipowners&Shipbreakers Ltd,287500
177510145010,"Bridge Skips, Twyford Avenue, Portsmouth, PO2 8DG",Land,08-Aug-12,CW1,Pounds Shipowners&Shipbreakers Ltd,3250
177505350810,"26, The Slipway, Marina Keep, Portsmouth, PO6 4TR",Empty Property Rate Non-Industrial,02-Nov-21,CO,Premier Marinas Ltd,9300
177503005110,"222, Fratton Road, Portsmouth, PO1 5HH",Empty Property Rate Non-Industrial,09-Oct-19,CS,Pro Pods Co-Living Ltd,4050
177590120910,"Bae Systems, Fraser Range, Fort Cumberland Road, Southsea, PO4 9RT",RV below minimum for EPR,01-Apr-12,CX,Qinetiq Ltd,1
177500083910,"38, Albert Road, Southsea, Hants, PO5 2SE",Vacant (1st 3 months),14-Dec-21,CS,Realm Property Investment Arm Limited,6400
177511947810,"C2, Nevil Shute Road, Portsmouth, PO3 5RX",Empty Property Rate Industrial,18-Feb-20,CW,Redstar Foodservice Ltd,21000
177501152610,"12-18, Charlotte Street, Portsmouth, PO1 4AJ",Empty Property Rate Charitable,27-Sep-21,CS,Revitalise Respite Holidays,23500
177506505851,"Block B, Ground To Second Floor, Port Way, Port Solent , Portsmouth, PO6 4TY",Empty Property Rate Non-Industrial,29-Sep-21,CO,Rr Uk (South) Limited,302500
177506505841,"Part 2nd Floor, Block B, Port Way, Port Solent, Portsmouth, PO6 4TY",Empty Property Rate Non-Industrial,29-Sep-21,CO,Rr Uk (South) Limited,7000
177501613210,"105c, Commercial Road, Portsmouth, PO1 1RD",Empty Property Rate Non-Industrial,17-Jan-13,CS,Santander Uk Plc,30000
177504427510,"140-144, Kingston Road, Portsmouth, PO2 7PD",Empty Property Rate Non-Industrial,01-Jul-17,LT2,Sb Southern Limited,0
177509961210,"77, London Road, Portsmouth, PO2 0BH",Vacant (1st 3 months),13-Jan-22,CS,Sheet Anchor Evolve Ltd,21750
177508194610,"Service Station, 113, Victoria Road South, Southsea, Hants, PO5 2BW",RV below minimum for EPR,01-Mar-13,CW3,Sirius House Residents Association Ltd,2650
177500646310,"119 - 121, Blackfriars Road, Southsea, Hants, PO5 4NL",Empty Property Rate Non-Industrial,20-Jun-20,CW,Sleep Studios Limited,28250
177507353220,"Former Post Office, Slindon Street, Portsmouth, PO1 1AB",Empty Property Rate Non-Industrial,09-May-18,CO,Slindon Street Portsmouth Limited,0
177512839010,"Land Adjacent, South Parade Pier, South Parade, Southsea, PO4 0SP",RV below minimum for EPR,06-May-21,CW1,South Parade Pier Limited,2850
177511945810,"Unit B Central Square, 1000 Lakeside, Western Road, Portsmouth, PO6 3EN",Empty Property Rate Non-Industrial,14-Mar-21,CS,Southern Co-Operative Ltd,11250
177510179611,"Office, Unit 2.2, Central Point, Kirpal Road, Portsmouth, PO3 6FH",RV below minimum for EPR,01-Mar-21,IF4,Ssh Cleaning Ltd,1375
177501613110,"105d, Commercial Road, Portsmouth, PO1 1BQ",Liquidation,05-Oct-20,CS,Sta Travel Ltd-In Liquidation,33750
177508296910,"A5, Railway Triangle, Walton Road, Portsmouth, PO6 1TN",Empty Property Rate Non-Industrial,26-Jan-22,CW,Strathclyde Pension Fund Trustees,32750
177500014120,"Unit 2b, Shawcross Industrial Estate, Ackworth Road, Portsmouth, PO3 5JP",Vacant (1st 3 months),30-Nov-21,IF3,Suffolk Life Annuities Ltd,7500
177512324010,"Travel Money Kiosk, Tesco Store, Clement Attlee Way, Portsmouth, PO6 4SR",Empty Property Rate Non-Industrial,01-Jul-20,CX,Tesco Personal Finance Plc,5000
177512188410,"Travel Money Kiosk, Tesco Store Ltd, Fratton Way, Southsea, Hants, PO4 8SL",RV below minimum for EPR,01-Apr-20,CS4,Tesco Personal Finance Plc,2500
177506320210,"53-57, Palmerston Road, Southsea, Hants, PO5 3QE",Listed Building,06-May-21,CS,That Portsmouth Company 2 Limited,146000
177511902010,"Unit 8, Ocean Park, Burrfields Road, Portsmouth, PO3 5NP",Empty Property Rate Non-Industrial,24-Jun-20,CS,The Carphone Warehouse Ltd,42250
177501615810,"150, Commercial Road, Portsmouth, PO1 1EX",Empty Property Rate Non-Industrial,24-Jun-20,CS,The Carphone Warehouse Ltd,121000
177503814010,"27, High Street, Cosham, Portsmouth, PO6 3BT",Empty Property Rate Non-Industrial,01-May-21,CS,The Cecil Rosen Foundation,19500
177504279310,"Havanna Bar, 38, Kent Road, Southsea, Hants, PO5 3ET",Listed Building,11-Mar-16,CL,The Portland Po5 Ltd,8700
177505638110,"Unit 8, Mitchell Way, Portsmouth, PO3 5PR",Empty Property Rate Industrial,25-Jan-20,CW,Threadneedle Pensions Ltd,24750
177508075610,"Wharehouse Old Chemical Works, Twyford Avenue, Portsmouth, PO2 8QA",Empty Property Rate Industrial,01-Apr-11,CW3,Tipner Regeneration Company Limited,0
177510035410,"Unit 5, Former Oil Depot, Twyford Avenue, Portsmouth, PO2 8QA",Land,07-Sep-10,CW1,Tipner Regeneration Company Limited,12250
177510035412,"Unit 6, Former Oil Depot, Twyford Avenue, Portsmouth, PO2 8QA",Land,07-Sep-10,CW1,Tipner Regeneration Company Limited,3200
177510035413,"Unit 8, Former Oil Depot, Twyford Avenue, Portsmouth, PO2 8QA",Land,07-Sep-10,CW1,Tipner Regeneration Company Limited,3350
177510035432,"Unit 16, Former Oil Depot, Twyford Avenue, Portsmouth, PO2 8QA",Land,07-Sep-10,CW1,Tipner Regeneration Company Limited,1100
177510035433,"Unit 17, Former Oil Depot, Twyford Avenue, Portsmouth, PO2 8QA",Land,07-Sep-10,CW1,Tipner Regeneration Company Limited,1975
177510035436,"Unit 14-15, Former Oil Depot, Twyford Avenue, Portsmouth, PO2 8QA",Land,07-Sep-10,CW1,Tipner Regeneration Company Limited,3250
177510035438,"Unit 9, Former Oil Depot, Twyford Avenue, Portsmouth, PO2 8QA",Land,07-Sep-10,CW1,Tipner Regeneration Company Limited,840
177510035439,"Unit 9a, Former Oil Depot, Twyford Avenue, Portsmouth, PO2 8QA",Land,07-Sep-10,CW1,Tipner Regeneration Company Limited,840
177590112910,"Unit 7, Former Oil Depot, Twyford Avenue, Portsmouth, PO2 8QA",Land,07-Sep-10,CW1,Tipner Regeneration Company Limited,3400
177509708910,"Aerial, Site 71786, Kettering Terrace, Portsmouth, PO2 7AE",Land,23-Nov-18,MT1,T-Mobile (Uk) Ltd,4900
177512121010,"F19, Gatcombe House, Copnor Road, Portsmouth, PO3 5EJ",Listed Building,01-Apr-21,CO,Trafalgar Workspaces Ltd,1400
177512122610,"S18 & S19, Gatcombe House, Copnor Road, Portsmouth, PO3 5EJ",Listed Building,11-Oct-21,CO,Trafalgar Workspaces Ltd,740
177512122810,"S21 & S22, Gatcombe House, Copnor Road, Portsmouth, PO3 5EJ",Listed Building,01-Aug-21,CO,Trafalgar Workspaces Ltd,1550
177512180510,"G19, Gatcombe House, Copnor Road, Portsmouth, PO3 5EJ",Listed Building,01-Apr-21,CO,Trafalgar Workspaces Ltd,990
177511639570,"Building 3, Trafalgar Wharf, Hamilton Road, Portsmouth, PO6 4PX",Empty Property Rate Industrial,09-Aug-21,IF3,Trafalgar Workspaces Ltd,102000
177511802010,"Gnd Flr, New Terminal Building, Portsmouth International Port, George Byng Way, Portsmouth, Hants, PO2 8QN",Empty Property Rate Non-Industrial,01-Nov-20,CS4,Travelex Global And Financial Services Limited,15500
177506505910,"1, The Quarterdeck, 1-2, Port Way, Portsmouth, PO6 4TP",Vacant (1st 3 months),22-Nov-21,CO,Unilever Uk Pension Fund Trustees Ltd,19000
177511981310,"Unit 3, The Trading Post, 16 - 18, The Boardwalk, Port Solent, Portsmouth, PO6 4TP",Vacant (1st 3 months),01-Nov-21,CS,Unilever Uk Pension Fund Trustees Ltd,3250
177511981810,"Unit 8, The Trading Post, 16 - 18, The Boardwalk, Port Solent, Portsmouth, PO6 4TP",Vacant (1st 3 months),01-Dec-21,CS,Unilever Uk Pension Fund Trustees Ltd,3500
177512058220,"Unit 10,11&12, The Trading Post, The Boardwalk, Port Solent, Portsmouth, PO6 4TP",Empty Property Rate Non-Industrial,14-Apr-21,CS,Unilever Uk Pension Fund Trustees Ltd,8400
177506515910,"10, The Boardwalk, Port Solent, Portsmouth, PO6 4TP",Empty Property Rate Non-Industrial,22-Nov-21,CS,Unilever Uk Pension Fund Trustees Ltd,11750
177506516310,"21, The Boardwalk, Port Solent, Portsmouth, PO6 4TP",Empty Property Rate Non-Industrial,10-Jun-21,CR,Unilever Uk Pension Fund Trustees Ltd,50000
177506516410,"26, The Boardwalk, Port Solent, Portsmouth, PO6 4TP",Empty Property Rate Non-Industrial,05-Feb-20,CS,Unilever Uk Pension Fund Trustees Ltd,12000
177506524410,"8-9, The Boardwalk, Port Solent, Portsmouth, PO6 4TP",Vacant (1st 3 months),22-Nov-21,CS,Unilever Uk Pension Fund Trustees Ltd,14000
177504976110,"373, London Road, Portsmouth, PO2 9HJ",Liquidation,16-Dec-21,CS,Vidge Enterprises Limited-In Liquidation,13750
177509782910,"Resource Centre, Montgomerie Road, Southsea, Hants, PO5 1EB",Empty Property Rate Charitable,21-Jul-20,CO,Vivid Housing Limited,5400
177503821410,"81, High Street, Cosham, Portsmouth, PO6 3BL",Empty Property Rate Non-Industrial,15-Jan-22,CS,Westmoor Properties Limited,15500
177500269010,"Anchorage Fish & Chips, Unit 1, Anchorage Road, Portsmouth, PO3 5UH",Empty Property Rate Non-Industrial,30-Sep-21,CS,Wm Morrison Supermarkets Plc,17750
177512444110,"Eat, 141-142 Commercial Road, Charles Dickens, Portsmouth, PO1 1ET",Empty Property Rate Non-Industrial,30-Apr-21,CR1,Xanadu Limited,28750
177507353310,"Public Car Park, Slindon Street, Portsmouth, ",Land,31-Jan-21,CP,Xanadu Limited,106000
177512311110,"R/O 68, Albert Road, Southsea, Hants, PO5 2SL",RV below minimum for EPR,01-Apr-16,CW3,Zionstone Properties Limited,0
